{   
    "id": "custom-hotbar",   
    "title": "Custom Hotbar",   
    "description": "An extra fully functional hotbar (currently 1 row only) above the first.",   
    "authors": [ { "name": "Norc" } ],
    "version": "2.3.1",
    "minimumCoreVersion": 10,
    "compatibility": {
      "minimum": 10,
      "verified": 10
    },
    "esmodules": [
      "index.js"
      ],
	  "relationships": {
	      "optional": [{ "id": "colorsettings" }]
	  },
    "languages": [
        {
      "lang": "pt-BR",
      "name": "Português (Brasil)",
      "path": "lang/pt-BR.json"
    },  
      {
        "lang": "en",
        "name": "English",
        "path": "lang/en.json"
      }],
    "styles": [
      "./css/custom-hotbar.css","./css/core-hotbar.css"
      ],
    "manifest": "https://github.com/Norc/foundry-custom-hotbar/releases/download/v2.3.1/module.json",
    "download": "https://github.com/Norc/foundry-custom-hotbar/archive/v2.3.1.zip",
    "url": "https://github.com/Norc/foundry-custom-hotbar"
  }
